Metric,Baseline,Optimized
Average revenue,27647.562666666665,37830.75
Load factor,0.9113238888888888,0.9272283333333334
Average spoilage,15.9617,13.0989
Denied business demand,6.0534,0.9694333333333334
Denied flex demand,54.85073333333333,2.7245333333333335
